<?xml version="1.0" ?>

<container xmlns="http://symfony.com/schema/dic/services"
           xmlns:xsi="http://www.w3.org/2001/XMLSchema-instance"
           xsi:schemaLocation="http://symfony.com/schema/dic/services http://symfony.com/schema/dic/services/services-1.0.xsd">

    <services>
        <service id="api_platform.metadata.extractor.xml" class="ApiPlatform\Core\Metadata\Extractor\XmlExtractor" public="false">
            <argument type="collection" />
            <argument type="service" id="service_container" />
        </service>

        <service id="api_platform.metadata.resource.name_collection_factory" alias="api_platform.metadata.resource.name_collection_factory.xml" />
        <service id="api_platform.metadata.resource.name_collection_factory.xml" class="ApiPlatform\Core\Metadata\Resource\Factory\ExtractorResourceNameCollectionFactory" public="false">
            <argument type="service" id="api_platform.metadata.extractor.xml" />
        </service>

        <service id="api_platform.metadata.resource.metadata_factory" alias="api_platform.metadata.resource.metadata_factory.xml" />
        <service id="api_platform.metadata.resource.metadata_factory.xml" class="ApiPlatform\Core\Metadata\Resource\Factory\ExtractorResourceMetadataFactory" public="false">
            <argument type="service" id="api_platform.metadata.extractor.xml" />
        </service>

        <service id="api_platform.metadata.property.name_collection_factory.xml" class="ApiPlatform\Core\Metadata\Property\Factory\ExtractorPropertyNameCollectionFactory" decorates="api_platform.metadata.property.name_collection_factory" public="false">
            <argument type="service" id="api_platform.metadata.extractor.xml" />
            <argument type="service" id="api_platform.metadata.property.name_collection_factory.xml.inner" />
        </service>

        <service id="api_platform.metadata.property.metadata_factory" alias="api_platform.metadata.property.metadata_factory.xml" />
        <service id="api_platform.metadata.property.metadata_factory.xml" class="ApiPlatform\Core\Metadata\Property\Factory\ExtractorPropertyMetadataFactory" public="false">
            <argument type="service" id="api_platform.metadata.extractor.xml" />
        </service>
    </services>

</container>
