<?xml version="1.0" ?>

<container xmlns="http://symfony.com/schema/dic/services"
           xmlns:xsi="http://www.w3.org/2001/XMLSchema-instance"
           xsi:schemaLocation="http://symfony.com/schema/dic/services http://symfony.com/schema/dic/services/services-1.0.xsd">

    <services>
        <service id="api_platform.metadata.extractor.yaml" class="ApiPlatform\Core\Metadata\Extractor\YamlExtractor" public="false">
            <argument type="collection" />
            <argument type="service" id="service_container" />
        </service>

        <service id="api_platform.metadata.resource.name_collection_factory.yaml" decorates="api_platform.metadata.resource.name_collection_factory" class="ApiPlatform\Core\Metadata\Resource\Factory\ExtractorResourceNameCollectionFactory" public="false">
            <argument type="service" id="api_platform.metadata.extractor.yaml" />
            <argument type="service" id="api_platform.metadata.resource.name_collection_factory.yaml.inner" />
        </service>

        <service id="api_platform.metadata.resource.metadata_factory.yaml" decorates="api_platform.metadata.resource.metadata_factory" class="ApiPlatform\Core\Metadata\Resource\Factory\ExtractorResourceMetadataFactory" decoration-priority="40" public="false">
            <argument type="service" id="api_platform.metadata.extractor.yaml" />
            <argument type="service" id="api_platform.metadata.resource.metadata_factory.yaml.inner" />
            <argument>%api_platform.defaults%</argument>
        </service>

        <service id="api_platform.metadata.property.name_collection_factory.yaml" class="ApiPlatform\Core\Metadata\Property\Factory\ExtractorPropertyNameCollectionFactory" decorates="api_platform.metadata.property.name_collection_factory" public="false">
            <argument type="service" id="api_platform.metadata.extractor.yaml" />
            <argument type="service" id="api_platform.metadata.property.name_collection_factory.yaml.inner" />
        </service>

        <service id="api_platform.metadata.property.metadata_factory.yaml" class="ApiPlatform\Core\Metadata\Property\Factory\ExtractorPropertyMetadataFactory" decorates="api_platform.metadata.property.metadata_factory" decoration-priority="20" public="false">
            <argument type="service" id="api_platform.metadata.extractor.yaml" />
            <argument type="service" id="api_platform.metadata.property.metadata_factory.yaml.inner" />
        </service>
    </services>

</container>
