<?xml version="1.0" ?>

<container xmlns="http://symfony.com/schema/dic/services"
           xmlns:xsi="http://www.w3.org/2001/XMLSchema-instance"
           xsi:schemaLocation="http://symfony.com/schema/dic/services http://symfony.com/schema/dic/services/services-1.0.xsd">

    <services>
        <service id="debug.api_platform.collection_data_provider" class="ApiPlatform\Core\Bridge\Symfony\Bundle\DataProvider\TraceableChainCollectionDataProvider" decorates="api_platform.collection_data_provider">
            <argument type="service" id="debug.api_platform.collection_data_provider.inner" />
        </service>

        <service id="debug.api_platform.item_data_provider" class="ApiPlatform\Core\Bridge\Symfony\Bundle\DataProvider\TraceableChainItemDataProvider" decorates="api_platform.item_data_provider">
            <argument type="service" id="debug.api_platform.item_data_provider.inner" />
        </service>

        <service id="debug.api_platform.subresource_data_provider" class="ApiPlatform\Core\Bridge\Symfony\Bundle\DataProvider\TraceableChainSubresourceDataProvider" decorates="api_platform.subresource_data_provider">
            <argument type="service" id="debug.api_platform.subresource_data_provider.inner" />
        </service>

        <service id="debug.api_platform.data_persister" class="ApiPlatform\Core\Bridge\Symfony\Bundle\DataPersister\TraceableChainDataPersister" decorates="api_platform.data_persister">
            <argument type="service" id="debug.api_platform.data_persister.inner" />
        </service>
    </services>
</container>
