<?xml version="1.0" ?>

<container xmlns="http://symfony.com/schema/dic/services"
           xmlns:xsi="http://www.w3.org/2001/XMLSchema-instance"
           xsi:schemaLocation="http://symfony.com/schema/dic/services http://symfony.com/schema/dic/services/services-1.0.xsd">

    <services>
        <defaults public="false" />

        <service id="api_platform.filter_locator" class="Symfony\Component\DependencyInjection\ServiceLocator">
            <tag name="container.service_locator" />
        </service>

        <service id="api_platform.filter_collection_factory" class="ApiPlatform\Core\Api\FilterCollectionFactory" />

        <service id="api_platform.filters" class="ApiPlatform\Core\Api\FilterCollection">
            <factory service="api_platform.filter_collection_factory" method="createFilterCollectionFromLocator" />
            <argument type="service" id="api_platform.filter_locator" />
        </service>
    </services>

</container>
