<?xml version="1.0" ?>

<container xmlns="http://symfony.com/schema/dic/services"
           xmlns:xsi="http://www.w3.org/2001/XMLSchema-instance"
           xsi:schemaLocation="http://symfony.com/schema/dic/services http://symfony.com/schema/dic/services/services-1.0.xsd">

    <services>
        <service id="api_platform.http_cache.listener.response.configure" class="ApiPlatform\Core\HttpCache\EventListener\AddHeadersListener">
            <argument>%api_platform.http_cache.etag%</argument>
            <argument>%api_platform.http_cache.max_age%</argument>
            <argument>%api_platform.http_cache.shared_max_age%</argument>
            <argument>%api_platform.http_cache.vary%</argument>
            <argument>%api_platform.http_cache.public%</argument>
            <argument type="service" id="api_platform.metadata.resource.metadata_factory" />

            <tag name="kernel.event_listener" event="kernel.response" method="onKernelResponse" priority="-1" />
        </service>
    </services>
</container>
