<?xml version="1.0" ?>

<container xmlns="http://symfony.com/schema/dic/services"
           xmlns:xsi="http://www.w3.org/2001/XMLSchema-instance"
           xsi:schemaLocation="http://symfony.com/schema/dic/services http://symfony.com/schema/dic/services/services-1.0.xsd">

    <services>
        <defaults public="false" />

        <service id="api_platform.json_schema.type_factory" class="ApiPlatform\Core\JsonSchema\TypeFactory">
            <argument type="service" id="api_platform.resource_class_resolver" />
            <call method="setSchemaFactory">
                <argument type="service" id="api_platform.json_schema.schema_factory"/>
            </call>
        </service>
        <service id="ApiPlatform\Core\JsonSchema\TypeFactoryInterface" alias="api_platform.json_schema.type_factory" />

        <service id="api_platform.json_schema.schema_factory" class="ApiPlatform\Core\JsonSchema\SchemaFactory">
            <argument type="service" id="api_platform.json_schema.type_factory"></argument>
            <argument type="service" id="api_platform.metadata.resource.metadata_factory" />
            <argument type="service" id="api_platform.metadata.property.name_collection_factory" />
            <argument type="service" id="api_platform.metadata.property.metadata_factory" />
            <argument type="service" id="api_platform.name_converter" on-invalid="ignore" />
            <argument type="service" id="api_platform.resource_class_resolver" />
        </service>
        <service id="ApiPlatform\Core\JsonSchema\SchemaFactoryInterface" alias="api_platform.json_schema.schema_factory" />

        <service id="api_platform.json_schema.json_schema_generate_command" class="ApiPlatform\Core\JsonSchema\Command\JsonSchemaGenerateCommand">
            <argument type="service" id="api_platform.json_schema.schema_factory"/>
            <argument>%api_platform.formats%</argument>
            <tag name="console.command" />
        </service>
    </services>

</container>
