<?xml version="1.0" ?>

<container xmlns="http://symfony.com/schema/dic/services"
    xmlns:xsi="http://www.w3.org/2001/XMLSchema-instance"
    xsi:schemaLocation="http://symfony.com/schema/dic/services http://symfony.com/schema/dic/services/services-1.0.xsd">

    <services>
        <service id="api_platform.identifier.uuid_normalizer" class="ApiPlatform\Core\Bridge\RamseyUuid\Identifier\Normalizer\UuidNormalizer" public="false">
            <tag name="api_platform.identifier.denormalizer" priority="-100" />
        </service>

        <service id="api_platform.serializer.uuid_denormalizer" class="ApiPlatform\Core\Bridge\RamseyUuid\Serializer\UuidDenormalizer" public="false">
            <tag name="serializer.normalizer" />
        </service>
    </services>
</container>
