<?xml version="1.0" ?>

<container xmlns="http://symfony.com/schema/dic/services"
           xmlns:xsi="http://www.w3.org/2001/XMLSchema-instance"
           xsi:schemaLocation="http://symfony.com/schema/dic/services http://symfony.com/schema/dic/services/services-1.0.xsd">

    <services>

        <service id="api_platform.swagger.listener.ui" class="ApiPlatform\Core\Bridge\Symfony\Bundle\EventListener\SwaggerUiListener">
            <tag name="kernel.event_listener" event="kernel.request" method="onKernelRequest" />
        </service>
        <service id="api_platform.swagger_ui.listener" alias="api_platform.swagger.listener.ui" />

        <service id="api_platform.swagger.action.ui" class="ApiPlatform\Core\Bridge\Symfony\Bundle\Action\SwaggerUiAction" public="true">
            <argument type="service" id="api_platform.metadata.resource.name_collection_factory" />
            <argument type="service" id="api_platform.metadata.resource.metadata_factory" />
            <argument type="service" id="api_platform.serializer" />
            <argument type="service" id="twig" on-invalid="null" />
            <argument type="service" id="router" />
            <argument>%api_platform.title%</argument>
            <argument>%api_platform.description%</argument>
            <argument>%api_platform.version%</argument>
            <argument>%api_platform.formats%</argument>
            <argument>%api_platform.oauth.enabled%</argument>
            <argument>%api_platform.oauth.clientId%</argument>
            <argument>%api_platform.oauth.clientSecret%</argument>
            <argument>%api_platform.oauth.type%</argument>
            <argument>%api_platform.oauth.flow%</argument>
            <argument>%api_platform.oauth.tokenUrl%</argument>
            <argument>%api_platform.oauth.authorizationUrl%</argument>
            <argument>%api_platform.oauth.scopes%</argument>
            <argument>%api_platform.show_webby%</argument>
            <argument>%api_platform.enable_swagger_ui%</argument>
            <argument>%api_platform.enable_re_doc%</argument>
            <argument>%api_platform.graphql.enabled%</argument>
            <argument>%api_platform.graphql.graphiql.enabled%</argument>
            <argument>%api_platform.graphql.graphql_playground.enabled%</argument>
            <argument>%api_platform.swagger.versions%</argument>
            <argument type="service" id="api_platform.swagger_ui.action" />
            <argument>%api_platform.asset_package%</argument>
        </service>

        <service id="api_platform.swagger_ui.context" class="ApiPlatform\Core\Bridge\Symfony\Bundle\SwaggerUi\SwaggerUiContext">
            <argument>%api_platform.enable_swagger_ui%</argument>
            <argument>%api_platform.show_webby%</argument>
            <argument>%api_platform.enable_re_doc%</argument>
            <argument>%api_platform.graphql.enabled%</argument>
            <argument>%api_platform.graphql.graphiql.enabled%</argument>
            <argument>%api_platform.graphql.graphql_playground.enabled%</argument>
            <argument>%api_platform.asset_package%</argument>
        </service>

        <service id="api_platform.swagger_ui.action" class="ApiPlatform\Core\Bridge\Symfony\Bundle\SwaggerUi\SwaggerUiAction" public="true">
            <argument type="service" id="api_platform.metadata.resource.metadata_factory" />
            <argument type="service" id="twig" on-invalid="null" />
            <argument type="service" id="router" />
            <argument type="service" id="api_platform.serializer" />
            <argument type="service" id="api_platform.openapi.factory" />
            <argument type="service" id="api_platform.openapi.options" />
            <argument type="service" id="api_platform.swagger_ui.context" />
            <argument>%api_platform.formats%</argument>
            <argument>%api_platform.oauth.clientId%</argument>
            <argument>%api_platform.oauth.clientSecret%</argument>
        </service>

    </services>

</container>
